{"image_for_geomap": "/home/dmitry/Desktop/\u043f\u0440\u0438\u043a\u043e\u043b\u044b/results/sat_rehearsal.png", "enu_x0": -35.666233243697235, "enu_y0": -15.856265106101311, "gsd": 0.5}